{
  "n": 100,
  "durations_ms": [
    292.33241081237793,
    258.4657669067383,
    280.26294708251953,
    278.77092361450195,
    265.0189399719238,
    257.7838897705078,
    273.85616302490234,
    259.51266288757324,
    278.48076820373535,
    270.24197578430176,
    281.38041496276855,
    263.6547088623047,
    281.2211513519287,
    301.1934757232666,
    280.440092086792,
    280.9896469116211,
    255.4771900177002,
    283.8151454925537,
    289.4937992095947,
    264.13583755493164,
    269.77062225341797,
    259.01222229003906,
    255.49721717834473,
    272.55725860595703,
    286.452054977417,
    255.18107414245605,
    264.18471336364746,
    267.772912979126,
    279.5717716217041,
    281.64052963256836,
    280.1535129547119,
    258.81314277648926,
    258.0897808074951,
    285.65430641174316,
    287.2436046600342,
    265.15889167785645,
    268.87035369873047,
    274.23882484436035,
    265.5022144317627,
    280.03692626953125,
    285.19320487976074,
    278.00559997558594,
    267.6999568939209,
    271.6042995452881,
    282.98449516296387,
    268.88275146484375,
    277.2951126098633,
    284.04831886291504,
    287.60457038879395,
    281.6197872161865,
    278.33032608032227,
    259.3650817871094,
    280.55500984191895,
    257.4479579925537,
    278.9618968963623,
    273.67234230041504,
    284.3613624572754,
    275.18773078918457,
    290.87328910827637,
    271.1520195007324,
    277.3914337158203,
    262.5856399536133,
    278.14292907714844,
    283.97178649902344,
    281.4455032348633,
    279.4227600097656,
    273.8149166107178,
    264.99247550964355,
    255.98955154418945,
    280.55715560913086,
    286.58032417297363,
    278.49555015563965,
    270.54309844970703,
    266.4990425109863,
    293.1177616119385,
    289.42060470581055,
    283.1292152404785,
    279.07609939575195,
    260.37144660949707,
    274.31273460388184,
    260.7903480529785,
    258.7454319000244,
    259.9513530731201,
    256.0892105102539,
    265.90609550476074,
    281.8186283111572,
    291.5370464324951,
    290.10868072509766,
    278.96595001220703,
    263.6303901672363,
    287.8289222717285,
    257.5230598449707,
    280.55286407470703,
    284.069299697876,
    278.11741828918457,
    263.7362480163574,
    255.05971908569336,
    264.7061347961426,
    251.82199478149414,
    279.8295021057129
  ],
  "avg_ms": 273.7742328643799,
  "p50_ms": 277.3914337158203,
  "p90_ms": 287.60457038879395,
  "p99_ms": 301.1934757232666,
  "max_ms": 301.1934757232666,
  "min_ms": 251.82199478149414
}